timestamp,price_btc,market_cap_btc,total_volume_btc,price_yfi,market_cap_yfi,total_volume_yfi,price_mkr,market_cap_mkr,total_volume_mkr,price_enj,market_cap_enj,total_volume_enj
2023-05-05,28846.4614586081,558634329303.221,12676760580.0802,8047.80678193451,265409315.367095,14985989.2208217,689.183452153121,621362673.537072,11069090.9082412,0.381864184634085,382168621.356745,12688232.3565031
2023-05-06,29520.3222689705,571520224182.882,4971523630.54862,8144.91996980478,268695000.075143,22674013.344565,725.930695346122,654263331.579258,23761287.4825313,0.386602836206038,386767805.323847,18655141.6923433
2023-05-07,28887.7410455234,559078681902.607,6463808309.43892,7913.15963552509,260090429.791183,26379037.3595774,691.179685159043,622426850.529958,20943508.7691596,0.370579821034032,369628644.275561,21228640.2597811
2023-05-08,28611.4391976146,554373015261.668,10199066943.1703,7921.06714955879,260885017.465715,17910935.1420603,699.050215540256,630253685.325557,15885203.9358585,0.366919019338384,366134960.493954,15279842.5356907
2023-05-09,27696.7607856256,536032086472.038,21535578788.8603,7251.29158397803,238983777.554813,35952737.6752515,668.741385073844,602878600.551083,23535758.3971781,0.344335144966581,343921488.13695,30054249.8673785
2023-05-10,27607.391680919,535037100026.69,8876813250.93356,7326.87329754069,241663779.524584,28807404.912107,670.924991868362,605144849.039522,16173691.3768125,0.344104198705271,343805170.567685,18311087.1971122
2023-05-11,27639.7335659359,534937464538.758,17159331951.1899,7058.29835468384,232718344.545268,38546065.2783788,660.955588127943,595521785.842946,17539551.1450632,0.353291771476062,353361249.511975,24939177.0848213
2023-05-12,27024.7657292998,523414877659.307,7754296234.07717,6674.37621326388,220083325.201415,33273977.566598,622.780467755835,561156131.134371,16175432.0916235,0.334878004010605,334930103.166393,18363933.1840093
2023-05-13,26787.6903959183,518816444750.771,9157286238.19307,6947.49018544154,228878193.09798,24884030.3528519,638.420184847014,575541299.176341,24007251.2338102,0.338844593544723,338821269.744784,16095966.4380841
2023-05-14,26798.1262714747,520426027097.336,8365379054.20212,6765.71879518648,223709578.411641,16079633.4135916,632.650137413514,571962525.789193,19559028.3237417,0.333201174330827,336491990.484372,10849131.3327779
2023-05-15,26911.8052732139,521319019334.696,6019488454.41968,6823.29545208708,224899228.596534,13990187.9503325,626.288901457056,564651527.97932,18368826.3784319,0.338290437436037,338282913.698348,9377419.16899614
2023-05-16,27227.7934225588,527655229433.887,14570026781.7471,6913.483525879,228153206.166455,22780773.7466172,638.00351430706,575366741.399991,11851469.0551485,0.340497258081707,340282224.137035,14841860.8382497
2023-05-17,27022.7131739211,523965691858.866,12927093920.903,6811.06800627632,224871905.593753,17229439.2262259,633.504649564613,570846501.463029,16267923.9007579,0.347631162253895,347880518.886586,13566192.0207895
2023-05-18,27389.9715114422,530762551513.487,12580626234.9134,6826.10988584335,225345832.239523,17646334.2288521,639.311972651137,576357595.355375,10733616.9278119,0.356112877048057,356442934.924222,26112181.4811961
2023-05-19,26842.9524947179,520544913836.41,12599487111.9388,6691.6562324615,220919951.502073,15802271.3280429,626.290570026374,564986881.415903,9650619.33407009,0.347863240583942,348360745.640113,14103246.526915
2023-05-20,26884.3710595899,521153640362.962,11559136131.3688,6663.51925720471,219918431.001656,13911685.5222193,627.93872047972,566207493.330731,8093353.38077012,0.347265992635743,347390603.198336,10437062.7308749
2023-05-21,27093.7911014973,525040003344.163,3882362454.21978,6687.41551920893,220533806.502054,10048007.2247315,625.360570661596,563801791.337214,9808401.18973245,0.347298350212432,347686907.544856,9264679.95746358
2023-05-22,26773.8302436648,519171380714.095,8125825605.68425,6591.7371418562,217569728.159601,11315280.1590141,623.726312660177,562480029.998205,7853616.31150535,0.342609378213997,342902745.928307,10664627.5790459
2023-05-23,26869.6860217908,520821915713.919,8025716966.1794,6658.53899163321,219716164.427455,12651009.5634679,629.593817142512,567174530.14165,9128058.32599706,0.339666370205907,339776938.332202,10777924.9382998
2023-05-24,27222.9377466039,527528695688.759,11685763863.3124,6742.49196179856,222148111.261816,11013622.7488782,634.073359849415,571414611.376941,9227755.61069811,0.341268535812655,341225870.376518,10473318.3096877
2023-05-25,26338.9489469987,510987979871.22,17477200137.1087,6468.5066240882,213724439.932881,15408508.0096143,619.414996398962,558827877.154607,10628647.7433745,0.327021509857214,327641209.975382,13293636.6977103
2023-05-26,26475.6079025343,513295724355.699,11953749225.494,6297.08847624755,207474925.926157,17355678.0608977,624.483016417651,562820910.899088,11018655.2950281,0.335619520199214,335393584.036558,15291064.2872261
2023-05-27,26717.9875535718,517973731437.94,10994037071.4522,6414.43580486813,211406956.461341,13383789.6014175,624.770191276639,563098290.081925,9269271.59872313,0.332177176069669,332116736.114364,13670900.7692891
2023-05-28,26848.2399395925,520461980942.254,6029471707.89741,6532.65024276884,215463789.510423,11764086.5084037,634.069791993634,571654815.832958,11690455.15453,0.338458114785201,338601002.88262,10522088.1255236
2023-05-29,28110.3134676093,544879177078.805,13144599279.479,6692.09865006041,221095083.18869,14898902.5673819,648.564276879356,584989184.981636,11942642.6499299,0.344638410241663,344974058.962004,13565532.6515905
2023-05-30,27759.7466639207,538430950369.498,13483205892.5396,6685.00654529034,220492897.087862,14370334.6943774,636.702891916935,574689664.409716,11806777.5817113,0.336086630457761,336100306.021403,12211819.2746846
2023-05-31,27713.9085475295,537414074116.499,12766436369.816,6630.60318050012,218802178.575135,12447928.0848299,643.413368523833,580143572.087438,11383841.7259333,0.338157585297148,338245208.02422,11157465.6971401
2023-06-01,27245.4744651797,528464394082.939,10001106221.6471,6498.30888976149,214216460.083025,13947925.006533,635.042651916743,572536505.349493,12488184.1413187,0.325877370802301,325684065.64674,11808218.3678304
2023-06-02,26824.1014995168,520271910707.113,12156086970.873,6452.02534408214,212612908.316269,11764377.1615355,641.814005074759,578402375.279465,11006024.6922801,0.331035249450228,330975788.461548,11323511.0167435
2023-06-03,27247.740081457,528508990069.212,15428145241.776,6534.21181158157,215562440.911395,10960101.943635,662.582804212927,597666695.83899,12716543.0931445,0.334386369475528,334553058.679166,9952407.90406262
2023-06-04,27066.3713285262,525209390395.506,6673279605.62951,6523.00925363239,214955297.601143,9008573.67864919,674.56101527974,608056436.918973,11289855.0942746,0.331165079731223,331019150.459182,9365321.16359698
2023-06-05,27315.4475874877,529630092281.387,6098045626.04762,6510.20231619618,214605840.799062,9833430.49290976,685.65636296105,616114107.902187,17863729.6734554,0.337187629163651,336759590.425197,11613191.8525564
2023-06-06,25792.6160902334,500593893699.218,21208433571.8733,5972.99935666767,197229476.577032,26011122.2837012,648.414245257832,585134987.457405,21557166.8115797,0.310284737582627,310907724.058315,32243217.0724423
2023-06-07,27216.6155646977,527295592028.081,22188018260.8325,6170.9105792172,203684232.771688,17881915.1494337,650.171684779438,585663790.932918,14998450.0514354,0.324355667340905,323960381.118598,20236560.6458902
2023-06-08,26346.2445451376,510979921090.634,14723854336.0944,5977.08472814047,197311290.035234,13976336.7528381,623.109219338611,561468770.234439,14289493.3732875,0.300951880007409,300838499.382117,16295721.0434153
2023-06-09,26507.909892203,514279355771.499,10197924963.7803,5999.34955446066,198169129.448629,11332792.0129421,625.566344050205,563992146.057038,11210362.6464695,0.300826491847417,300812164.071697,17800230.3658062
2023-06-10,26469.581684007,513226142603.121,10464066236.4812,5941.14386127299,195922925.09049,13680510.3864097,627.414012576336,565130121.714336,12364312.207846,0.291541393710934,290805012.162423,15700657.3257313
2023-06-11,25858.1228921856,501653860264.203,9755626714.24469,5469.28972601129,180577887.371073,44480182.2589852,630.420208982407,568277764.793313,42195472.3214567,0.252752510980466,252748440.363896,34566605.1224827
2023-06-12,25916.5798963798,502683000962.43,10439993428.3655,5427.86680492356,179019710.67941,14390339.0146209,616.303349432468,555337110.950864,18702214.0648653,0.251235968632381,251347195.375824,13494377.640879
2023-06-13,25910.3627429195,502562686069.17,9761691909.31603,5502.67401319693,181647866.370232,15160369.465375,627.903466249486,565400702.607372,15089117.6778235,0.254531737856443,254510235.963357,12983291.3400459
2023-06-14,25872.2064587951,501752262681.719,9921875985.8886,5586.41623609994,184412046.150422,14687681.4886266,633.569856897725,571225841.804471,20394705.0679856,0.256828255431739,256765751.116425,13267238.7204928
2023-06-15,25107.7546958806,487262840554.672,11982737579.7028,5391.24406171412,177988569.07146,14180012.1900064,628.500532305022,566596175.666418,21876328.0625514,0.247816339432544,247627134.851906,15070652.5105923
2023-06-16,25564.5996328871,495788386559.102,15184095954.0295,5526.76926889679,182461246.401519,12941579.0543525,645.153369687063,581200618.562733,16613707.4301656,0.253754296874167,253683089.877336,12501562.7141426
2023-06-17,26327.3256694539,510906153487.605,13604025863.642,5652.72081375051,186482307.732559,14783098.3013528,677.94158430894,610930023.398199,18230800.7708091,0.258740534307797,258875917.874726,11802611.6181805
2023-06-18,26501.0444422337,514331114457.824,9533422254.8903,5746.75176864439,189775569.833694,9823633.45817355,668.337614799078,602500507.019665,16331184.539657,0.260124898558985,260311148.516762,11229400.3397533
2023-06-19,26333.0925296644,511384956032.88,8589379740.11672,5631.15613162195,185777504.121733,10189149.1311757,670.976477482627,604458019.442433,15934414.7021541,0.25580097369256,255673775.605529,9977470.15902766
2023-06-20,26779.3874615228,519667661979.177,6651894946.45416,5717.41646001433,188811810.221166,9130191.82862399,705.495317838207,636137374.26147,26411630.3555652,0.258004963290354,258076298.130288,11463064.5829274
2023-06-21,28330.8914198075,549330089183.523,19958565664.5523,5935.81605497104,195260689.764024,13387759.9035772,729.098176313176,655620189.688981,20932427.0504864,0.267297818728188,267095886.603159,11259236.4345954
2023-06-22,30101.7648194887,584070487996.789,23757254196.777,6351.64566740833,209602292.996062,23816609.9149653,754.673469835327,679984184.434156,38722656.9374268,0.281445577690853,281654808.377095,16145240.6740047
2023-06-23,29935.6321067496,581473706978.927,19613389213.7988,6316.52100017902,208766626.722736,21946195.3942592,738.420398054402,666246238.239082,19768590.1888158,0.278969062646749,279247271.950323,17007773.449017
2023-06-24,30629.2443533358,594588611688.314,22630955878.9728,6433.97089810997,212459826.462873,21967806.9696205,725.59437576646,655219426.822622,22791467.0982939,0.290817325725163,290505232.54823,16210415.0500126
2023-06-25,30537.8166646348,592912110031.525,11736119929.8437,6303.07323148404,207960662.34931,18088037.0885278,681.682986934014,614591169.145124,25644433.0002232,0.296308396863739,295787879.851505,16405427.3577959
2023-06-26,30454.7569744156,591387700082.11,12076819255.3049,6582.28443480963,217312514.030636,20654376.1142958,704.890890379554,635472050.172591,31315267.0131862,0.305297149700549,304129080.573045,41021251.1960102
2023-06-27,30285.5050640707,587134340343.625,16032184116.6313,6304.82348612037,207611666.738129,16260125.0722722,688.830156426088,619719910.622582,19150428.5391605,0.292420729986046,291781483.765904,13081892.5322145
2023-06-28,30693.546356068,595427193050.229,14411853963.1105,6418.32066861995,211853610.460389,14881013.8646083,688.927873882964,620895404.582879,20780615.7022751,0.295963217721743,295631374.804618,11615196.2974088
2023-06-29,30083.4772452638,584187696961.376,8489428028.0281,6106.38864674631,201579339.523057,13363035.8374938,677.879671240335,611523014.999403,21423797.0494163,0.277349480735457,277106430.32186,16155967.2492911
2023-06-30,30466.6104568935,591688337868.844,12545425127.4463,6322.97697591732,208847215.502066,11961982.2757523,687.715523393747,620045488.883751,22766912.3555739,0.283668451990137,283891058.390978,19823257.6294479
2023-07-01,30480.7814819445,591722375245.767,21422361050.8231,6632.89732437909,218872677.636194,26185593.9638439,830.340360231617,748682348.800741,100372420.486102,0.297071217349638,296919195.658312,18584239.6101648
2023-07-02,30583.6195996975,593625140902.565,4210431244.43269,6643.59873172643,218834825.210488,14703245.6832004,838.67056190108,752169072.918991,44236524.5762267,0.316012874483037,313539748.32147,23343324.4883285
2023-07-03,30571.8870728714,593627203721.853,7236318143.9053,7242.5915005462,238960721.436178,32882653.5284391,852.929659736363,767667563.962622,51380091.7885033,0.311645058161871,311668470.033455,16441398.2753282
2023-07-04,31134.7131335084,604507839820.098,14755008156.7777,6940.04008676605,228981088.605358,33966323.032369,980.523857441463,885301176.895017,93699797.8388486,0.317106114792125,317186366.908708,13922258.2261977
2023-07-05,30775.6240223753,598449423994.125,12403890725.2645,7009.47418295567,231742365.162002,22428056.8664477,982.087823493058,892003514.74747,71937070.8963407,0.315276014082408,314884338.836956,21620599.787383
2023-07-06,30484.7937744235,592386606697.315,10260132141.4615,6908.82355080101,228320516.741373,21020281.9114669,918.639706425647,829028937.868768,116568599.435188,0.310058802405092,310588401.593397,31194974.7987827
2023-07-07,29990.0551512202,583429029204.245,21776707863.5034,6714.3129949887,221924063.750541,20628364.4446301,971.31847243604,877351883.517218,86360205.0947909,0.29443739462657,295392615.052355,14906644.9495752
2023-07-08,30315.2654023516,588811434763.891,13018507892.8146,6931.8386759207,228906098.490329,13578890.0854928,937.604179774946,844646742.544806,77159403.7881494,0.293460975110608,293256473.714392,10897125.1425848
2023-07-09,30264.1973452572,587678367157.987,5608541981.7563,7088.67409064015,234306926.175279,23057811.9596232,931.89073206301,839140335.836048,40923565.4983991,0.295070687852919,295262875.374559,9009081.17418466
2023-07-10,30169.8706574792,585883986681.171,7559670230.18949,6955.31764937793,229333854.605649,17533143.6568458,966.585550856085,870907566.221241,51018439.4985862,0.290423507440609,289813258.501849,9215535.38448601
2023-07-11,30394.2811463756,590311894648.752,12835219756.9659,7033.58461361289,232119644.358383,14978989.1937231,912.889978153205,821898098.901188,42119040.5961353,0.290033459497939,289445580.723096,13691103.2411422
2023-07-12,30620.814246978,594749192359.135,11753418050.4217,6942.05560809242,229595507.051098,11157930.9976783,911.498655511078,822640173.600581,37074465.1068676,0.29895898682005,298921286.334119,12144808.9414972
2023-07-13,30407.4163143599,590629381260.711,13072555444.2623,6928.68443365352,229126700.590562,11835592.1496863,907.660872169456,816784464.158066,44574073.7318083,0.297506323893442,297773819.898951,13651467.4905265
2023-07-14,31446.0149710716,610725509598.846,21254274345.7022,7347.37349283296,242231257.269238,21681829.1577984,923.912945334243,832977013.077982,50580198.8259705,0.323337834899176,323020662.26285,22505910.9135473
2023-07-15,30311.8278081305,588107447250.133,21977151420.8533,7020.75555155378,231889125.164268,27045540.2722063,866.785814272971,777944274.737695,57939406.1891,0.310703810824132,311047063.071241,18634773.0044498
2023-07-16,30297.9714001255,588642134563.52,6233916918.78272,7121.6097877426,235267681.759624,16243029.9919778,889.000284762549,800422644.576177,38495930.6978172,0.31731341574391,317734749.562454,12669231.6013348
2023-07-17,30237.3347851461,586391434733.715,8356410453.56371,6962.28102086574,229954643.515284,15158495.0520543,970.571785307419,874604231.894418,104846928.979662,0.308544672935778,307629831.038809,11682192.0074406
2023-07-18,30147.8600792115,585500720965.111,10974383371.5466,7014.67354088966,231715837.080351,19134171.4411085,935.968413877553,843383679.827252,63865833.0984531,0.320516125029614,320473580.097715,22925789.3403393
2023-07-19,29848.0322725053,579708613537.516,13152758553.0308,6866.05708153945,226853881.574208,14238357.4371829,925.138247082134,833951966.687955,53213394.837038,0.308903292398073,308411367.396753,14755018.1698662
2023-07-20,29919.8748382552,581327322356.872,8545620844.32659,6884.49648925429,227322325.473195,12194483.654316,990.115018260102,891378292.809814,74579853.2093565,0.308509853912315,308644818.803761,13441799.0023027
2023-07-21,29787.0415303557,579308712612.258,11117456853.4645,6871.93185781159,227046693.938927,16051905.8763016,1031.48038148927,930462116.738875,91231714.2225744,0.304513973674179,304891224.53305,15932630.9643464
2023-07-22,29914.682728359,581397880391.417,8492627980.9282,6849.16479657919,226239798.984188,13007747.4209129,1097.43571805351,991414585.883172,161532875.506256,0.308604578483298,308583619.646916,13391374.8777243
2023-07-23,29710.1559359918,577068525402.119,6745541064.87388,6699.51675043245,220998455.763534,13801019.1746904,1101.66556249149,989655595.774061,75742665.5883223,0.305312956998232,305694014.508765,14295896.532626
2023-07-24,30057.9567187146,584296796267.482,7427606999.4128,6729.83275126957,222327368.799794,11292476.8582094,1090.29697004861,983742808.387562,68462138.8845087,0.322474149300972,322244903.979126,26485397.0411096
2023-07-25,29184.9019130577,567051778655.836,15195244950.838,6508.43231909842,214869946.072668,15940658.3652197,1067.58021862013,961606899.959139,92350484.3842069,0.302720957292535,302846376.663453,17767438.7573417
2023-07-26,29222.9746303835,568019115128.76,7929844775.36345,6534.0144671035,215715183.922382,11176144.9331919,1140.17721673627,1027235526.91076,117918114.868744,0.30411408071764,304111168.833185,13827855.0619884
2023-07-27,29363.6729079786,570531781624.675,13088677750.4251,6786.66851389657,224081896.417015,20743875.3857074,1181.67337276012,1064282350.59837,106002090.728968,0.302101524242782,301932351.225723,18891469.7369685
2023-07-28,29200.2440012913,567708714251.764,9047649539.81237,6937.02432250723,229158315.665015,17526231.6128358,1163.82147076796,1049605008.56056,137326388.748915,0.29848383181633,298766909.403683,13049103.3821284
2023-07-29,29314.0973870984,569952119667.399,7682754827.05411,7039.87102832789,232434617.222645,19586118.7882731,1180.69030492856,1065567714.53279,93657055.4383863,0.301408902678183,301604681.272741,11552399.1391951
2023-07-30,29356.7477459167,570804910032.575,4882536540.9116,7020.1667029261,231799759.84347,11885485.0544739,1284.72266397855,1158406790.30783,144952728.46192,0.306522311209268,306075168.68379,10231337.2881513
2023-07-31,29277.7558102727,569135711632.854,7872881636.62564,6755.14897700287,222906350.649966,17776435.3657931,1248.29783600882,1123605063.04302,103276578.524202,0.302653520502583,302696278.050942,13731840.9315936
2023-08-01,29233.1363655804,568333703606.1,6641808341.38626,6715.35763787857,221865952.325414,22324800.2720047,1226.68419329358,1106215558.31708,100516768.352394,0.297011477923255,296962661.106781,12301636.2420307
2023-08-02,29537.1097469274,572408929757.971,15289922840.8738,6778.51710252585,223900703.291339,24328147.300413,1336.95797730407,1204283992.14464,147448662.743028,0.298638440506997,297605543.625667,16528682.1134559
2023-08-03,29146.6362708436,567074709353.651,19266318894.0865,6424.24958376787,212661390.734425,30186151.4385395,1291.40909921683,1165213072.26453,118443935.247209,0.290363480467646,290782712.791586,13081150.660649
2023-08-04,29176.1505965854,567940644790.488,12539132810.4003,6333.34449764923,209390733.411589,20712937.7896404,1288.98038044079,1162597563.98106,159874530.812994,0.289315508216626,289489933.95918,11229460.8789278
2023-08-05,29087.9380860076,565073127339.627,12112869085.6559,6196.131149783,204406824.756671,32956673.7741314,1300.53130420141,1171903500.52379,198114302.768297,0.287589046583374,287670277.794878,11664198.9324493
2023-08-06,29046.8004570232,564970113457.9,5335308729.48437,6269.58916567824,207035449.248665,15608442.5454019,1243.66898354463,1120931291.12125,165528378.839763,0.287678038804835,287909808.806104,10902624.9985716
2023-08-07,29044.2043755776,564947914083.018,5360283576.26997,6394.42059485689,211075380.64848,20474852.5824763,1219.58780390038,1098981314.45662,140982039.370189,0.287129037316016,287080807.660884,14877380.990782
2023-08-08,29178.1477518731,567529179865.815,13252185122.1125,6393.07731018406,211038757.535577,21951639.5290877,1215.6144071958,1094561486.04141,151689678.549266,0.287166466681098,287358485.406864,16632618.4472775
2023-08-09,29779.5616712509,579214283623.807,14603570418.9189,6448.7558321411,213196920.167884,21367127.5880862,1211.99222963534,1092412077.67249,126463497.604839,0.291436834242844,291405693.589554,14287779.2948102
2023-08-10,29585.4880773792,575535414817.403,14633310097.4914,6339.81369436842,209487245.254717,23025212.2636527,1212.50767268787,1092033426.64458,127847864.42995,0.288378291501185,288658454.333762,14429750.7218039
2023-08-11,29423.8189159776,572414205818.414,8106253519.02545,6348.59912975782,209681359.502763,20354933.1046821,1254.45329659475,1130160591.15693,157007884.939413,0.289590636715726,289509284.087125,11656240.6496315
2023-08-12,29396.8479714205,571976559045.83,4651950357.63665,6295.93103362888,207966167.627936,14229445.8699494,1248.58572022427,1126020188.67212,121704129.835505,0.287910931354464,287895109.099104,17106191.2156076
2023-08-13,29412.1422745841,572257798803.909,3994297895.28894,6317.16014453355,208629136.958198,15952752.8742545,1223.48029265635,1103273300.089,100738601.594187,0.290169914878415,289935723.600257,14071138.306028
2023-08-14,29284.9697137438,569687130446.783,4755220448.63449,6237.46867221641,205943320.819961,16236279.9220917,1244.50196523216,1121091974.31028,102183147.537389,0.291490830508296,291428728.577437,14627062.3703313
2023-08-15,29400.5868041911,572242735188.24,12408355477.1113,6270.78520965561,207129530.161099,18843982.3430967,1249.24604780317,1128180078.09572,127364618.754362,0.289781630111491,289939951.21473,14568686.790187
2023-08-16,29170.4903970606,567498309102.732,11523395157.9986,5922.33416420519,195878121.318321,27709030.5979458,1233.29207654072,1111560271.0943,100629754.62656,0.275859998533089,276168108.889428,19753186.0101691
2023-08-17,28754.1970211126,559982624303.492,14809979642.3732,5738.9544835123,189520275.274029,25279265.0241615,1130.12065887076,1018416167.60838,149723536.270305,0.262276117175558,262131489.707085,23232839.9845416
2023-08-18,26501.5872699197,516026928368.837,29965585683.4214,5345.73118624738,176866579.100924,32553926.5907398,1079.97385302428,975116317.989281,131812837.585847,0.236497910636711,237192964.589985,21978603.2365288
2023-08-19,26042.838256849,506815826635.922,18062351745.5036,5471.00326878022,180694692.159177,28451859.9018753,1070.91050057823,965350724.597017,86676243.2008977,0.242058108029934,241830201.571076,21131746.1457081
2023-08-20,26104.7786307979,508087686822.704,3355038748.98247,5638.53876249614,186103330.189141,25158274.3007773,1101.68138564047,991800130.295028,44133981.7034277,0.244455176895377,244350715.299368,10088639.9711166
2023-08-21,26160.7004198182,509078930366.095,8304370131.83387,5696.82321184961,188279426.916398,19089019.2368278,1108.91071851842,998924490.081499,45893852.5738182,0.244117057659149,244074534.100595,8739837.64966462
2023-08-22,26119.0059585952,508491920831.355,9377753161.44763,5578.30749813486,184518981.330882,24859228.5048593,1093.92267643869,986899175.942949,69505105.8699928,0.240108692814211,240040457.937746,12490002.0506236
2023-08-23,26033.6754065858,506356213378.18,13702941053.0153,5555.19521313192,183665793.324936,23856257.2840768,1038.47497840346,935294582.960315,79951809.1443916,0.240976420626185,240809908.137236,13511840.7214156
2023-08-24,26450.0086246135,514955818082.435,14600566342.2144,5674.39482843956,187579133.835632,26344167.724756,1073.61249817366,966788569.089997,69065819.8356539,0.244978806255594,244755161.041467,11102691.4109289
2023-08-25,26134.934254516,508906955118.321,11961319630.8101,5652.21255896524,186603224.140569,21583972.9440841,1028.26117830207,925482215.555255,69300277.0450371,0.241541510044155,241119426.987697,11416948.8774599
2023-08-26,26044.0362092891,507007928705.443,2582213805.54614,5739.07363603501,189537763.532427,29090922.09456,1013.16859110131,911971070.189557,51874260.7317027,0.239920348802083,239826391.220687,8889376.05429829
2023-08-27,26002.0157173194,506086069151.685,3420999388.35507,5576.22979363085,184205107.344807,17480728.9018866,1037.53251462367,933390063.689587,50728961.010372,0.241883427150716,241650885.491447,6920933.6517651
2023-08-28,26082.7171782185,507835678906.779,4743752357.40126,5807.0898253906,191805718.304621,20382384.3027413,1072.90637248049,967221133.937822,46050647.9860581,0.241764179336071,241851375.779287,6283217.71148771
2023-08-29,26109.2698239287,508350651765.902,9995933796.2508,5705.30499193191,188495910.648625,16882094.4484323,1026.66869702295,924976107.164852,62335126.4941871,0.24123036990727,241363757.354578,10581828.3300951
2023-08-30,27730.5037355055,539045091002.169,29462388818.8399,5722.21692154983,188726011.170995,28435510.5177251,1046.25645763374,941393006.851857,62651936.4467552,0.251676651521553,251146087.161434,14447070.2059056
2023-08-31,27297.2614384804,531729400483.316,16029914124.3954,5653.59826142449,186584052.491627,21735422.8942271,1044.04332839888,940370023.487954,57647444.7529793,0.245036560499994,245167531.079087,9587338.85267039
2023-09-01,25927.4170057793,505403246528.024,20360682650.0551,5525.26245960937,182282093.92051,26430541.2554867,1155.45281845357,1040776737.5952,152044353.558355,0.234217426080286,234330604.643036,10692550.2658444
2023-09-02,25812.3304944254,502687549096.97,15924588668.8934,5476.68012020864,180975406.637943,24237056.6829172,1143.29729491559,1028988103.56892,93960664.5346676,0.228041858540227,228148891.599548,9441141.21107854
2023-09-03,25853.6568427776,503679892454.508,8203515572.7556,5455.81432042321,180303982.219799,21335825.1417666,1138.48028210217,1026460770.23534,84004529.120475,0.231309553164934,231296182.909016,7122810.8662187
2023-09-04,25959.5963114635,505513039060.685,8301138495.08456,5412.71308854445,179076275.945016,18746053.7786112,1127.62895039866,1015955466.43072,62202624.0524897,0.231547105969281,231630869.036469,7418692.7745356
2023-09-05,25829.3647729413,502409490053.884,6700578092.4386,5362.39272567762,177123461.508659,20108489.0570155,1118.16815499699,1005949347.21471,131459608.743849,0.231228909442177,231043493.776382,10906064.8735042
2023-09-06,25784.4135198304,501979376928.418,7633735596.70543,5425.36712554889,179335187.853972,19146777.3638104,1133.92633760137,1022012102.36533,56629208.7300965,0.233223125897861,233276538.832954,7538252.85732457
2023-09-07,25752.9584185894,501615002105.187,12225427270.6269,5402.28591643573,178384403.10997,15613650.1601311,1135.68824359968,1021887996.46505,58004803.2950563,0.268751875179799,270698260.768559,114071815.733319
2023-09-08,26192.3334330906,509837705629.171,4521997781.16089,5442.71586214814,179681815.012774,17506746.7969243,1145.65838633587,1033266155.02931,49817538.9310885,0.258569969128204,258406021.936677,31376197.0994328
2023-09-09,25907.2281372497,504533063388.218,8058794338.82098,5395.38856910482,178318713.08251,18362399.8436764,1137.14173599135,1024761705.66867,45708330.1176681,0.25393216507117,253554405.555009,26339443.5718603
2023-09-10,25889.3250094629,504373920218.684,404806432.521689,5388.98878036983,178304559.833959,13854374.5193737,1126.94241445675,1015845285.68448,32565808.6187587,0.249902043304006,249645675.320743,13091885.6079284
2023-09-11,25834.5800985629,503489661583.332,6603006234.0835,5264.31857877555,173992367.475477,20905324.7151343,1116.54148828824,1006877182.45509,47546924.5502892,0.237296722713638,237130285.42718,15310022.4663085
2023-09-12,25133.3031065665,489502952545.627,14859931201,5105.06979008122,168530190.155894,23158811.7729194,1080.35921790152,974558559.262961,62715389.2035366,0.240084556284119,240061505.901177,42223331.2017609
2023-09-13,25866.8066631581,503997883573.382,16825266473.0487,5186.60596039257,171303194.359636,28760950.6320683,1122.45168569403,1012261358.82717,79473748.6564315,0.226383975590502,226228388.998208,30199010.1444094
2023-09-14,26223.4360756609,510909474484.656,12975855576.2432,5306.39386850369,175441487.067839,18840100.392836,1154.78100378227,1041725659.33753,69602050.5370186,0.223682627111067,223787412.185167,26440468.2412799
2023-09-15,26531.3955662633,516823786025.9,11739428177.4326,5354.82740993866,177080797.15028,16897702.6978527,1162.08369919232,1047338749.63958,64458935.5686376,0.22442567857592,225134218.752679,15931533.9459128
2023-09-16,26634.6310250006,518872387637.1,9768889419.72342,5520.05865490071,182558082.385889,20413590.8776045,1278.1193412243,1152102068.30727,90373496.0721912,0.232133338178986,231656578.816624,20202910.484416
2023-09-17,26557.7686919946,517396850180.924,1224363671.91755,5527.45983010163,182701240.969469,14849952.2781344,1267.92977551421,1141837962.65325,72755176.4317471,0.233465344319159,233740095.671135,16515556.6182626
2023-09-18,26520.9882547839,516614128895.544,5791146184.4648,5374.94951794039,177412592.595308,14216654.1229954,1253.09388312558,1128641035.07725,65526397.2669979,0.222141217654527,221964505.477861,12792058.2237503
2023-09-19,26741.461110949,521346975856.466,16477839825.0584,5451.89476698684,180388118.065988,23751134.376175,1238.14694234412,1116352112.1823,74431413.205003,0.231167735638669,231314144.725327,19158654.2849652
2023-09-20,27219.2968746342,530357673731.022,12615959842.2294,5454.08320177592,180963024.183832,17667222.0403184,1288.58070713446,1149116086.08571,73510222.6128977,0.233876241868469,233794265.342207,16868453.231198
2023-09-21,27115.8464469708,529168513966.161,13497179076.8318,5344.41490736139,177431821.172541,18447008.1511495,1343.67330012879,1210590127.95557,114278334.921458,0.228614189290092,228709622.911086,12006389.1687305
2023-09-22,26561.1334541987,517743774814.639,8169328790.75126,5103.98311723379,169468341.149249,20119845.9555887,1305.02154733724,1178390994.10294,93030067.8924158,0.227267280472371,227201615.866756,13348664.5132041
2023-09-23,26572.0381115526,518383856096.963,9968041758.93682,5152.28397345322,170961436.223801,20379446.1751877,1272.51043816593,1148062239.91124,61951579.3549095,0.228961065891262,229107735.898651,9149663.93502982
2023-09-24,26573.9234797301,517968304453.255,6583511185.70839,5166.65334320422,171275370.875222,12366547.0504855,1287.06546883228,1159407256.92501,44295188.1164604,0.228800190662339,228723247.335295,9020587.06180148
2023-09-25,26249.5628978452,511787693512.028,7226298594.49552,5110.67594326285,169391364.102775,12144916.5273399,1271.07537212234,1145559946.28696,41335766.837836,0.224247493327614,224472540.96364,14659678.3895401
2023-09-26,26298.6346782812,512103393581.803,11974957450.2763,5223.77792229499,173266064.548389,16091102.7619171,1317.70414822665,1186916269.78334,50977910.692805,0.227863185866123,227698620.791369,19916829.5765784
2023-09-27,26204.757590836,511054250889.623,9786025048.05344,5194.84733920326,172548183.462857,11104833.5990882,1423.18153454534,1287329106.39063,126409102.400806,0.219638336604881,219626659.698954,59725200.2715504
2023-09-28,26350.1468954281,513713645983.85,12889674588.3169,5165.6103067689,171342245.710651,13958281.9395367,1495.50324422891,1348141791.49241,117915352.624406,0.221302304764396,221281960.48341,10813099.9320787
2023-09-29,27009.0137507249,526917684460.406,16683207554.8443,5230.04748496795,173498171.452817,14803565.8791777,1513.48386840519,1363443011.26031,107283240.050535,0.222452569513911,222452090.354788,10630981.5144435
2023-09-30,26917.199101638,524946724658.764,9059145545.41355,5191.19160586704,172373661.27439,13098351.0708333,1450.72518886995,1307713014.37271,130937908.720274,0.223064086323178,222897007.923256,8238965.72891837
2023-10-01,26969.8761440726,525936342995.455,6295435107.55599,5241.73802981599,173905615.054488,11705525.3079021,1533.2878135334,1382785843.35529,79128504.4103187,0.224550712633713,224723786.246155,8086938.92764421
2023-10-02,27967.5105790871,545302108027.209,9358226524.28536,5561.57089456462,184772589.681656,20799095.0377898,1489.3161848562,1340904961.95107,109424394.093953,0.232382740494374,232650755.160892,10900455.6195558
2023-10-03,27615.0648850953,538323470357.883,18127133423.8819,5244.44536751764,174025061.457476,32261188.5054916,1453.94158100129,1310416007.35056,150571514.009226,0.223445413956323,223134507.967067,11047885.8226229
2023-10-04,27439.1219467051,535605771922.48,12676657038.2934,5222.14058779901,173201018.027682,20428510.7419687,1423.79061515048,1283945231.20062,62249921.6096038,0.222455647143828,222714100.564836,11115520.4472152
2023-10-05,27792.1112772493,541954661181.112,10876597601.1233,5279.96904405645,175306847.249057,19750108.4323512,1442.83677483468,1301199343.87068,84671613.7083892,0.226170233654406,226192089.743578,14653354.8560203
2023-10-06,27435.8746151351,534851643044.506,13376186563.3112,5319.66647417956,176537995.471276,16482540.5444833,1470.44246788719,1325345808.26069,83076800.9387807,0.222521277585229,222481787.250803,10060191.1784002
2023-10-07,27958.1964373505,545154869332.654,13817979024.52,5325.88856159808,176949633.313516,13429955.1758857,1439.79631034472,1297280474.75162,46702168.7183019,0.226319217413793,225912360.062886,8736487.89918271
2023-10-08,27977.5434907,545619681437.398,7226218924.82088,5445.82317646582,180890598.206202,17642743.5573204,1408.61384217463,1269005660.35396,53520338.5989722,0.222638335564883,222872341.183322,5386325.72541611
2023-10-09,27948.1036517485,544989660641.623,7141598446.86921,5308.62709414545,176297627.949137,19914016.2140021,1404.67464821621,1265930953.78899,41679192.6701171,0.227556071978216,227236213.760964,13812675.0220067
2023-10-10,27593.7825344397,538282690587.88,7640029989.22432,5207.57587044927,173088388.091508,27791264.8715106,1376.80533148842,1241822275.17062,55779660.8285736,0.218797111055583,219065927.227708,38778792.0058236
2023-10-11,27392.2477027325,535200388379.763,10151720983.6691,5172.36225392565,172025712.592743,25743024.7472383,1379.99684591551,1244191326.86204,41252840.3296534,0.215760681497031,216243756.902548,20207853.2384223
2023-10-12,26842.1904390924,523656381533.046,14608441295.9425,5118.23734270097,170203742.427295,25284792.6220643,1401.54937262674,1263766578.05357,45521750.340467,0.216288723391092,216555265.303431,15901038.946817
2023-10-13,26729.1372058151,521607675083.351,10867640258.9258,5060.62565062196,168270001.55457,23550352.7321097,1360.63473329008,1227620143.03047,47940992.2867668,0.21060468090455,210713718.955228,12050050.0271095
2023-10-14,26841.1362206444,523655619453.741,14344414895.6175,5114.80890863401,169852835.966611,20642134.4031658,1428.54318078706,1287300544.34306,62496658.4763464,0.209593827609009,209533828.938819,10366121.467319
2023-10-15,26863.1835690799,523979202939.078,5543160607.18868,5111.98802459496,170004921.54253,16115420.116237,1417.53686203843,1275010660.83382,42933821.8193813,0.2106228198332,210423152.897216,6269285.61651876
2023-10-16,27150.297001407,529643463244.338,6604845643.42894,5065.76019614121,168404691.936533,15013219.799321,1431.85789724747,1290945425.10581,44630176.3541989,0.212850207700606,213415792.767768,7937014.80161638
2023-10-17,28513.3099324773,555338775502.111,22792799561.834,5170.85103984313,171896711.116121,17876334.6371084,1418.91664766131,1282032340.71215,100563556.060452,0.218049407731864,217505356.58822,14146946.9875874
2023-10-18,28417.7217516998,555003134086.208,10403248077.492,5094.70128434968,169346843.866407,23301244.5307102,1392.59080985573,1256759326.10158,74407983.5918878,0.215967492857126,215983574.822103,12933349.3924923
2023-10-19,28328.2451981348,553311088369.71,13461030457.5589,4996.46372957679,165912019.50596,27650791.2720742,1380.42978539442,1243995808.02896,46746018.3251808,0.210564997583806,210715108.8572,11362768.0954413
2023-10-20,28715.7481424079,559364043794.766,11193923144.4637,4906.17799401712,162994169.169469,36189171.2213354,1407.70901879526,1268307147.59477,47801345.3263143,0.206510559980114,206083553.72083,13598559.4834723
2023-10-21,29677.3928884762,579536788709.313,23561406297.7159,5022.28780847014,167115594.736679,36396253.4550972,1429.63076899014,1289714521.19731,64851921.5202503,0.208163886855295,208683631.002163,11084242.4801309
2023-10-22,29920.0744926514,583719549318.522,7452489477.48494,5253.66580750592,174510081.075381,36961901.9415881,1424.50484979544,1283316309.23984,53471501.5397914,0.214670935198627,214744649.694055,10288152.1052185
2023-10-23,30019.3805008635,583399133857.251,11330304246.0657,5407.92509748269,178334450.074212,20208817.3473122,1450.50487180714,1281900605.9319,37053715.292448,0.220053726459171,216995562.079666,12774221.4027578
2023-10-24,32953.262760831,641535355789.079,35558857925.1489,5866.00864838011,194740219.987832,62298598.254186,1565.21923380622,1405519804.12936,119059266.430272,0.229732533322843,229895599.274746,19052501.8661703
2023-10-25,33846.7242573322,660676033939.139,46464714676.1855,5753.01315587584,191192789.501562,50196378.5818483,1500.83286559324,1353212916.65068,137784896.998923,0.237765507244043,237635784.903402,25389449.9800561
2023-10-26,34471.986031672,673948847498.816,23840463172.4986,5798.78285704307,192474345.512088,26117698.1564876,1431.50627305311,1288822864.29117,114799862.759898,0.252962950389054,252316828.640541,25647521.304661
2023-10-27,34174.4515529126,667401630872.582,17712548549.5786,5792.75423380896,192332701.029576,43905847.9858551,1417.48784493251,1278624167.94117,104766469.290054,0.263761572760768,264158841.235977,38813141.9996242
2023-10-28,33899.0930564403,662119938018.297,14148818689.4998,5618.56589596792,186597474.017342,25869746.5656696,1390.26408119349,1254343548.93476,72842090.3726597,0.253500787827646,253733509.227579,21690985.1585158
2023-10-29,34092.6309328386,665892923223.983,8431785274.86821,5679.3558848608,188582438.162205,14283644.287712,1441.27206658198,1299034773.99625,88622460.5585612,0.271857151719518,272323601.779172,19799327.7654094
2023-10-30,34556.2428147616,674293769229.609,10359013389.4255,5859.59052582223,194631921.946745,22629198.9307661,1428.10912236527,1287245689.44397,59308372.9725385,0.275030947606126,274485044.348537,17395683.16654
2023-10-31,34498.7039194641,673508057017.639,17075173423.648,5901.24548264234,195977595.64199,45566990.3103703,1393.57336733051,1255779636.37781,76899188.2515966,0.266814971682635,267458289.982716,50532941.2408136
2023-11-01,34672.2892841885,676319525450.079,16419150928.6524,5670.6702861733,188349036.248826,43570372.0431196,1368.56621435699,1232664302.33814,44282270.8381035,0.250798950544312,250742713.40805,38442675.3325435
2023-11-02,35457.4549121055,692543794894.761,18642295524.912,5815.99177502511,192958390.24563,41929332.9150259,1338.38141547858,1207350695.34335,89394705.6910671,0.26538225537227,265421319.145206,22751267.7010368
2023-11-03,34924.0554504433,681560028736.551,20690186421.9553,5694.75917050797,189435578.000044,53110434.7444443,1308.43270876912,1180575319.13086,98996124.6444978,0.274568527426728,274747114.828133,30666372.3346328
2023-11-04,34731.3813689678,677974451476.063,17254049537.0021,5681.8434467855,188555743.377451,27824651.7233224,1341.01718399889,1208662041.59204,55582798.3609069,0.282617020330081,282866906.424371,26453743.2720852
2023-11-05,35048.4078349011,685385094861.717,10001404422.9388,5743.81302117259,190969565.009881,15615269.1892253,1337.37997280997,1207650610.92859,32008272.8647337,0.289696167745558,290526148.255479,19930751.8364521
2023-11-06,35061.9287491958,684647430279.332,12796779677.5197,5978.76094782462,198578600.047973,30388987.4359768,1329.59881074538,1197936578.41578,39895619.9438518,0.297301234638724,296599365.626427,25521539.1798915
2023-11-07,35031.2688820871,683644463783.063,12717348149.5398,6138.59948889648,203683842.604108,32554159.8408006,1334.67015224847,1201631949.62935,40516220.7296387,0.309202896681166,309039375.605752,22659311.6644916
2023-11-08,35436.5376295796,691660755958.351,18582602380.3745,5963.82936037825,198241227.5147,37592840.1627565,1294.27273171063,1164966114.49744,72925483.1247917,0.321065837051585,320224658.27154,36086557.2198334
2023-11-09,35795.0806307102,699187515031.693,14717120833.2235,6245.9548390421,207844989.834817,58355623.294666,1317.91104255808,1187104075.81448,72643936.2740364,0.30755126333036,307230156.570306,63088520.0255853
2023-11-10,36768.4208191267,717022051490.41,38190964507.1576,6694.76886911942,222173337.0207,112838350.4481,1370.53997569085,1232656384.33888,131266715.180723,0.291974806260083,291784198.733388,59255249.0470968
2023-11-11,37344.2490007203,730760729870.5,23152060053.4216,7819.92100917201,259976068.958848,131428451.122751,1326.04703542538,1196757492.27182,104408402.559387,0.296833158937452,297534868.440162,36698192.5583851
2023-11-12,37122.7228243066,720323851790.695,12033297219.971,8907.61760634377,296206389.476738,221835202.086725,1289.75181253457,1162529360.92997,87190831.5548677,0.305515345855632,304527401.365061,35642500.1106455
2023-11-13,37067.6969821201,725016899532.036,8831221164.40887,9295.02161380426,309236894.897945,177540458.969654,1286.59793548972,1159416246.13532,86868449.0175782,0.306671605140678,306379055.351128,45201800.8375073
2023-11-14,36549.1620482984,714263437353.698,18041088204.3672,9875.20573256405,328810211.696881,258247357.370979,1383.82847994385,1247793266.02919,128085095.90211,0.280890666354685,281095158.594774,38693274.8189204
2023-11-15,35545.2014334541,694845286838.959,22330924588.0597,10309.3234452053,343508525.241916,178914573.639808,1372.99307944741,1238009869.8133,130181435.983841,0.270869365230254,270972693.578573,33297488.16861
2023-11-16,37903.6624516629,739215831747.265,28479730068.2951,11780.5785640431,391021562.957248,192832684.374429,1418.38161624252,1275628037.27724,135628203.797688,0.285650609937564,284685801.934807,38104658.138477
2023-11-17,36201.5161114614,707488742969.562,12023334732.1496,14278.4592631743,461309400.063415,451360273.940924,1338.71323723728,1205761642.22918,127891685.658173,0.280402842129509,279651210.330186,32253500.1998958
2023-11-18,36527.7602253074,714651953916.875,22683923623.9637,14405.1999082344,479199985.080527,349017782.7076,1354.79528108652,1223288849.07778,112429908.410599,0.273149954242599,273765224.722799,30111724.6324592
2023-11-19,36582.3684419227,715117663450.342,8877846889.34669,9650.72959967523,320078583.928998,503072319.358968,1364.07467838561,1228870602.97119,92810602.9787919,0.272337993414651,272902977.555269,17190946.2694323
2023-11-20,37413.9946079053,732521837352.243,12599067947.7345,8878.41820728172,295236682.785619,136477669.789554,1383.79524427794,1248215968.56517,71255720.00345,0.281364614230836,282145874.299111,16090670.8923603
2023-11-21,37489.298470802,732673492672.517,16005284775.3117,8283.83265196042,275198023.317477,100474641.571369,1409.02821030999,1271856136.72764,85973825.9725697,0.280002466063114,279841426.192128,19213478.01477
2023-11-22,35965.3603606808,702705880301.698,18891503534.641,7630.96084942024,253674418.622584,102388629.378188,1379.45825429566,1248676776.21589,147120027.537037,0.250917021442308,251473447.72552,22010459.5840529
2023-11-23,37464.8329322091,732259726682.37,25245202377.3214,8242.60142340629,273974646.664384,82295748.3762949,1466.99472854659,1323102803.78412,100765197.395233,0.268264369793696,268922566.158992,16326897.1178208
2023-11-24,37293.3161274267,728816537112.472,11956046626.607,8595.10520073659,285240575.629264,64140022.461502,1471.55097217176,1351700931.11713,93783494.2874194,0.267316009804878,267450665.324007,12548301.7758969
2023-11-25,37738.9316974712,737614054534.814,22996708651.5423,8671.77863381704,288162997.76151,57296057.9237873,1456.4478811952,1338116620.19877,66973574.6117096,0.273315959336399,273398756.396509,16747157.322222
2023-11-26,37809.8528662532,739536714717.24,7505379785.01179,8845.58945117714,293888412.392404,51467477.9385038,1456.40579601771,1336643742.09599,55022982.7284354,0.289729769493329,290569879.529101,25982731.745811
2023-11-27,37491.8381860081,733376783676.32,10229112671.3742,8533.51456432952,282821412.18586,55679582.1414318,1487.41062554639,1366899646.7352,72011694.7691963,0.304779069250319,304821356.298549,52256316.0803996
2023-11-28,37250.1690514811,728040168286.048,17979133247.8808,8443.97874914709,280683402.241293,69091465.3180078,1477.9772923423,1357070397.01679,113727068.211439,0.292525291722484,291680228.133067,30592022.9586137
2023-11-29,37802.2360437747,738816928726.559,19715537240.6886,8468.22224137866,280828625.571969,33504011.3253921,1485.74290765211,1363526774.31862,64443726.8370948,0.294711384508508,294516509.455905,25045209.1492428
2023-11-30,37810.3464165413,740494537382.599,20964545194.8045,8253.03304640547,274244030.283085,81517760.6179477,1519.72046797027,1397391791.78314,95164184.2200194,0.283815573807084,284408582.669968,21653427.7824468
2023-12-01,37711.8183758527,737659515838.61,16566770727.5608,8240.0419678208,273864736.264285,73862540.662795,1526.45080042856,1401537693.78963,88359120.024681,0.278488677787211,278895014.557396,18433435.8602732
2023-12-02,38688.2587417907,756249390093.028,24470176251.5665,8446.28866006466,279978697.195889,130112707.538173,1546.13396893358,1418785243.95493,64568531.0807107,0.293924583762288,293130234.974245,20400732.5620046
2023-12-03,39481.6664160629,771834682369.278,14892418344.3286,8669.17159369969,288076008.319478,108583257.714822,1540.71769515188,1414335317.54468,63559657.6506218,0.296234316218048,295460060.021076,21089141.558566
2023-12-04,39960.2754204105,782845232813.069,14107800648.6293,8671.55295014081,289474451.125262,62773159.7344722,1515.33031690861,1394156985.45051,71454738.0763231,0.292833111986393,292305614.332551,23429791.6187705
2023-12-05,41974.3317725433,820527379429.342,40273974905.3823,8710.40863820721,289259345.748415,198279395.061214,1489.61344647492,1367721103.84797,101616272.160953,0.308303026307195,309095709.933123,32219586.2307049
2023-12-06,44105.9447725994,863171503830.323,37740677039.99,8617.39150686697,285374369.777605,142572551.985473,1484.32856688817,1362330111.46177,68330726.5378751,0.328281657943755,328056973.321585,40293496.6354265
2023-12-07,43788.2888082523,857037901744.541,30306637687.6012,8427.23822376994,280027943.385903,101447504.611422,1424.90664196249,1311094841.83762,65089900.553665,0.3266736899016,326818225.26208,42777498.5642831
2023-12-08,43270.1195597075,848245522795.333,27712048105.0234,8494.29076150121,282392739.631477,59820467.6074665,1449.02896280328,1331696684.3602,76307292.9107886,0.336375407977148,337729508.881133,31684727.5019
2023-12-09,44202.1761094362,863242780337.311,24726661392.9842,9200.31095346272,305664373.691418,96290307.807599,1446.41253350047,1327875907.22257,77092609.9005584,0.349964671708577,349898016.767454,28689281.5822285
2023-12-10,43745.4919918955,855611272269.695,17074228506.0414,9010.23945407727,299485673.569166,74495067.7020699,1430.74580693537,1313714397.41216,84738680.8030586,0.352268897745581,352012474.152783,36950410.6569016
2023-12-11,43757.9599376192,856192504674.193,11865167562.1797,9294.17361850036,308988085.21406,43912184.0912845,1417.05744311043,1300544210.02516,69640133.8222835,0.352321390155374,352056784.401461,32262540.4565126
2023-12-12,41200.9627261017,806178244439.141,39734542163.6617,8451.73929710723,280822413.093489,85151977.1737319,1387.99827150085,1274090486.30187,119850039.607541,0.317690862858804,317783303.013392,44255544.8000978
2023-12-13,41450.8193873774,812055172695.532,24919333990.6271,8444.98442176547,280991341.302928,51389340.4916662,1358.54847736362,1249888069.9228,66249187.3108912,0.329328719675387,329050395.591461,28111238.4492441
2023-12-14,42931.7618260325,840112594142.661,26301358636.1249,8577.35818060709,284313290.554491,69907804.726005,1363.48956553977,1252818570.21543,64365558.4901841,0.336455934166828,335518914.780463,42608042.7100169
2023-12-15,43009.5954563739,841400560142.884,22978695605.4827,8541.65233817714,283578009.587661,46944140.7089989,1362.53798310389,1249656475.36221,66835837.8372509,0.354190221831401,353217518.927123,28614688.1134828
2023-12-16,41992.014187224,821883086852.378,17134765249.0726,8133.08190164915,270566534.048929,41777650.9731947,1310.86019893232,1206861267.17137,66840181.1927876,0.33327672382222,334999609.161123,27990396.7854207
2023-12-17,42247.0678817223,825747211475.383,13524832238.374,8614.65968224982,286418238.086588,49752516.0172863,1327.5737841684,1217614971.24459,63740974.4786216,0.340420162123766,339689761.175399,19116371.5268616
2023-12-18,41410.8196345759,810534011290.708,16536428696.4614,8223.63583469867,273493779.539221,42221966.5331941,1316.03439513733,1208852413.41177,68475088.9976376,0.327160650806701,326718369.234113,19466398.4523654
2023-12-19,42684.1825546834,834757901244.338,26473040426.6081,8209.94042184151,272788427.640193,42902803.400494,1287.61504282995,1183576120.98211,69729781.8794959,0.326548754609861,325541646.885435,32030930.6045364
2023-12-20,42250.2061827975,827483345952.503,23402523667.559,8270.85388970141,274520323.899303,27935812.3313656,1289.37326410374,1184051099.81367,78032127.8773491,0.321424584311963,319831284.242156,19434407.6869228
2023-12-21,43634.1241684964,854173854159.818,28334648885.879,8300.27064308441,275785246.246687,34375001.0221886,1285.63176702663,1180770304.62423,60623579.5924316,0.348122023410838,346792831.897068,23570013.9109517
2023-12-22,43849.6995993962,858312140014.948,21948638202.5834,8374.92243444788,278238167.970656,30919787.9924955,1322.09981309738,1215228597.10439,55534509.0690221,0.359903271536373,360195395.458079,23147898.8244702
2023-12-23,44003.6960216438,861822676200.425,20833936534.6285,8512.99898703645,283032199.021593,29324055.4631797,1390.9220245251,1278592856.14636,73257395.0267176,0.368665237430656,369363523.744666,26623003.6951425
2023-12-24,43752.0308847838,856850313226.057,9872050975.65797,8431.89614365221,280179717.403995,21938068.1154678,1383.103655154,1272139513.98004,62751316.595097,0.381546602151721,382590360.586818,24494760.8163098
2023-12-25,43034.9710630915,845029028630.442,18313974069.8228,8308.8702330282,275884866.016013,29701712.0693241,1396.73564143807,1283671258.91931,81468796.3154544,0.382271393830814,382264045.526349,30389979.3410781
2023-12-26,43638.2363022009,854524607072.98,18744716867.393,8519.32194557365,283177620.842413,30332575.6240672,1406.24979188886,1293997404.33055,59229588.6285579,0.3957872027679,396145035.931386,33309582.5524778
2023-12-27,42516.4269402825,832471600531.684,20477744539.8723,8144.7839272256,269984806.663059,35024814.1728492,1410.03945294381,1296188811.11177,77002845.2220689,0.406529459225844,406547376.643501,47644074.7605241
2023-12-28,43418.4677750429,849194163327.484,23244754807.444,8384.44462227806,278862267.440965,30628588.4776708,1529.15929874473,1406110488.36656,95267575.3281791,0.409179385248409,408896708.712653,38786447.3532522
2023-12-29,42600.6506331562,836073458797.803,20336573643.8193,8294.46045107551,275946057.684712,47154344.1363837,1557.06765008218,1432988480.96266,149325060.239592,0.387958238989636,389347333.065494,30499404.2336207
2023-12-30,42074.7071561885,822933961870.542,24832397519.0506,8224.40723549064,272900688.234898,25215944.0266757,1543.69906208486,1418868229.99311,76552205.6044588,0.371950494766754,371543313.203476,25045946.6585798
2023-12-31,42220.6114012138,826609156660.512,14727224645.4177,8207.09575029004,272786713.526132,14895592.4651432,1598.66366111072,1469586460.03645,73937309.3823926,0.368106162331374,368223337.707758,15734350.0855624
2024-01-01,42208.2021761865,827596236151.196,14183728910.1698,8066.134106947,268141903.161947,17829768.3289927,1694.63627039869,1558856036.31458,99712661.723562,0.378590214521879,378569424.085221,23250302.2704859
2024-01-02,44168.6811868747,863804922701.813,16958999497.5836,8277.58459372314,274874641.562192,20618847.6518729,1655.94571568493,1523889756.33042,99584747.0717544,0.386882251697305,386498563.195262,17824872.3874655
2024-01-03,44994.6738868924,878395004792.841,39089952715.5428,8183.02070125537,271819649.144931,24716841.3301988,1833.43765612339,1688886445.52574,205485882.281961,0.378639106422671,377729912.200212,23015418.1405398
2024-01-04,42821.558989158,838208392904.177,43146162597.5675,7503.25432526193,249359183.965503,53268454.0884502,1816.04997307409,1677007643.53937,245884749.324028,0.33128436372904,330789294.340336,34174713.1735412
2024-01-05,44195.5785620997,866352960236.864,26123887042.7978,7694.47312455712,256379368.714199,45288912.0381299,1777.65713946321,1637151534.56267,149621722.158419,0.340521277512511,340196757.574528,20878688.4894061
2024-01-06,44113.6997338908,863690851062.025,29364675804.0104,7413.15697117136,246351891.047341,56259286.0702315,1737.27360730725,1597295584.71889,114901744.187211,0.320096747420153,319750314.612542,21029098.2202531
2024-01-07,43956.1207172015,861211168830.469,11841102132.2394,7893.42672685818,262013721.054202,93643733.4710194,1700.13638665579,1563468978.48251,90623768.0376913,0.305259159985172,305421012.506819,15727456.5635709
2024-01-08,43883.7438790517,856926317087.495,15144653805.3628,7368.81847444225,244730800.170973,53215462.268258,1740.70092179034,1597042528.37657,100459947.74432,0.289476873870023,288506540.581586,16037633.4602021
2024-01-09,46936.1855612175,919666641903.41,40821502383.5006,7743.57953081238,257881782.955998,46153410.6871111,1809.01636744805,1663116228.67121,192958303.676344,0.318120051541801,318022279.948288,28124956.6266679
2024-01-10,46105.946078287,902166917320.326,39887918405.7787,7587.88882702325,252118709.096372,41909570.2131266,1837.79408220441,1690908601.27333,144331673.167873,0.294791778817929,293719757.748512,24532555.3219595
2024-01-11,46632.3131480498,915259343942.036,52030057180.5707,7961.7464657506,265853510.886119,59570641.9016637,2024.42856527383,1858075742.78426,202909621.842807,0.316842461240282,316820420.770063,24138513.7849716
2024-01-12,46314.3555416027,909846384596.213,49198128806.3062,8152.36661630765,271305153.987197,33977168.949448,2144.26315120734,1971674563.3453,208372879.494947,0.331399510036438,461498829.417033,31120779.5164769
2024-01-13,42893.9296055048,838383512176.735,45913301456.0508,7814.01743741276,259541391.745477,49032005.7568878,2026.16013512331,1860050956.7425,149386817.852862,0.314575124423787,437113961.550649,27647296.8678028
2024-01-14,42848.4745164075,839198740717.084,19424747840.4784,8060.69076930543,267801713.005314,17408881.4717108,2069.19752604417,1907130899.54359,94172307.7944612,0.318700692668241,443851738.046712,18900883.8995167
2024-01-15,41800.9328219341,822907066751.378,16968959097.0765,7803.7761088879,259555627.009005,30330610.5704835,2032.52130586965,1882079763.07063,93682141.0744146,0.301996829777317,423237953.747423,16857190.4173631
2024-01-16,42587.3360383544,835225973285.856,22634527323.5631,7776.93365120562,258568068.132785,29134188.2292193,2013.90103686164,1857598204.79319,88584976.0046365,0.30464955510275,425121362.216808,17096070.6596318
2024-01-17,43148.0016434269,845770850849.578,22023116042.2753,7852.54532922342,261854797.914772,28187830.9906507,2011.16940206208,1855681223.22882,78769241.6985593,0.311864246154237,434679419.585106,19095104.6318428
2024-01-18,42713.859186939,836987995502.65,21299064875.1871,7850.61507212211,261005300.563968,29303253.6978585,1994.16415063186,1840214817.74629,72151009.8526174,0.307199164085497,428216392.792414,17406040.1694698
2024-01-19,41261.3947980101,808845819110.281,25160430945.2898,7484.44786845493,248842004.449792,18343792.7167634,1985.71104097372,1830105767.21904,96447810.3859681,0.290515288707707,405848049.301301,17877309.3869855
2024-01-20,41600.9409325446,815241536115.319,24407872954.7268,7420.9260000404,246864243.053942,21239739.7749139,1961.34894233815,1808105313.56504,93798387.0818819,0.289994605156266,404259381.433086,18999714.9061577
2024-01-21,41626.1071100366,817217622403.975,9533488489.00503,7430.38466799568,247225215.816891,25829128.5177293,1965.22187006519,1813014087.11773,64857453.7891518,0.299348035899289,417552357.060685,14598467.3653621
2024-01-22,41541.8994570626,814709364023.483,8032696833.69537,7382.05290592907,245485700.458719,23702073.1884671,1989.59760160392,1836043159.49405,57279728.4362904,0.291141183567781,406750906.176302,15083273.8490782
2024-01-23,39504.7300575844,775020895102.293,31202848830.1017,6988.46720184977,232370258.253988,34494977.2509959,1926.74183796059,1775303611.70337,70274748.0212327,0.272060701420804,380186811.839009,17962994.4414851
2024-01-24,39833.4541050169,779133357029.763,29683327703.0343,6876.61616025412,228630448.344187,32527992.5803824,1931.3963563494,1777065196.97558,81155869.6838969,0.267323772666469,372057985.560943,19729962.7801627
2024-01-25,40123.6710584715,786928905377.183,22217129215.3856,7018.61475315939,233960096.245439,19185872.2362374,2119.85129411097,1954902272.96,103661495.203178,0.273387530303545,381571622.934358,17661096.2339872
2024-01-26,39938.2864415588,783180536824.566,13376924612.7782,7044.94568435354,234226231.048662,14893768.8868967,2088.89895166968,1925352869.47866,85734754.0555982,0.271920570917219,379787345.984063,15509507.3537908
2024-01-27,41862.9356109399,820989861818.084,22681602408.5245,7252.05044821092,242359660.018117,16462361.4642263,2074.83594254828,1913381881.58157,72667092.9917966,0.285925622384704,399263572.000383,15955376.2464295
2024-01-28,42119.6104946431,826254540126.237,10694258830.3719,7276.74216337971,242869986.952723,11989096.7408144,2001.84927837182,1846361936.59809,60508469.805124,0.293049575520862,409118873.748841,15256321.2389475
2024-01-29,42026.5785623215,824240091063.325,13669905344.7839,7209.19963448265,240684730.491368,13309352.451263,1959.0618213018,1807525511.42293,55894973.9012029,0.286220827886019,399644667.657067,13093185.6916345
2024-01-30,43267.6092763877,849198976216.473,20680322267.0037,7322.54702238226,244714445.281842,14636690.3623675,1975.55055726713,1823422028.34012,62072362.7035146,0.2944120473699,411794713.643467,17609642.8979124
2024-01-31,42892.0345301445,839294111912.572,24526664209.3586,7295.85647518192,243543935.186002,17812557.2218146,2024.4731067582,1867340021.93475,70635259.0673847,0.286648406232308,400133250.060642,15498939.5735667
2024-02-01,42583.2635466342,835421372330.644,22197944957.0785,7065.88010078538,236284769.60811,20026129.3630238,1959.60316251157,1809813945.99059,68713558.7588866,0.27876646248273,389912960.435352,19006264.5468185
2024-02-02,43069.0434209368,844585195327.659,22443682768.7222,7138.02554219001,238526118.407946,17214736.0565905,1995.96627298358,1840995990.87668,63029602.4607995,0.283784261569215,397000692.511766,14548712.1427911
2024-02-03,43170.6585615997,846561992602.431,18624791426.1308,7192.3238115625,240378123.782681,10223288.7481404,1981.03100750543,1828097396.7013,54483020.781988,0.28691075245902,400842491.406499,12981669.8414306
2024-02-04,42976.8482999083,842668526994.8,7779819312.31076,7165.50755298825,239331762.085151,10714231.598718,2002.66096907866,1847845848.76053,39108292.2398909,0.282403975372015,394930348.450119,12405038.9641242
2024-02-05,42599.3599705598,835416357159.23,11250814654.362,7062.46542836913,235825277.403616,10596116.6963587,1992.48020481861,1839622482.43318,43845936.9470812,0.275934520975527,385486005.710919,12521839.9927866
2024-02-06,42648.4569211354,836630860392.292,18682275991.6268,7041.95468872,235277383.915352,11593553.9049771,1945.70333113977,1794973157.48748,45661519.4651122,0.277119140982748,386881940.048257,12830313.7324708
2024-02-07,43087.7874081429,845393687725.622,17131113853.2362,7084.92649270858,236740688.931176,44410733.4801571,1953.21649372669,1803560583.98555,50597228.8896353,0.279978262665439,391824351.111569,11138214.0492647
2024-02-08,44247.4154154793,868672050077.77,21200879624.7354,7185.63332056648,240150949.071055,16072919.6214698,1946.42088241645,1797956648.8214,45309210.341762,0.285946604331066,401271561.639527,13846946.1810667
2024-02-09,45338.2711897895,890468166608.419,27709605138.4986,7283.34396346185,243461420.386584,14700129.8847412,1939.34260638463,1790392701.56929,52809067.5416283,0.287798442479669,405216108.013759,15016174.9986797
2024-02-10,47143.2429910711,925541926938.615,41993952311.1229,7454.37792953582,249187314.154696,17591223.4825083,1969.77410564553,1818713939.04328,58561924.5262701,0.296074693088637,416227730.292403,17082544.2776432
2024-02-11,47768.9952512479,938210772985.443,16461159742.3178,7406.21352012683,247194564.784105,12836475.533571,2004.35800272749,1850133898.58967,51680020.5620354,0.297544657961914,419508613.502943,13624141.3919872
2024-02-12,48189.8817930399,945579645769.01,13196875460.8467,7390.85660433135,246879634.105825,11504887.035803,2026.12813138505,1870609232.01278,55101597.1049493,0.295775872746423,416387608.641532,13632058.6768235
2024-02-13,50050.136094564,981463410832.964,37684440686.7089,7639.86986228332,255166125.015043,17119835.2625307,2075.13487619106,1914524052.00801,61573090.3897151,0.313590821081326,441063331.340467,24792606.1645018
2024-02-14,49732.1453695535,974585308372.128,37331081151.0248,7550.29615316173,252240514.626188,19542742.3180365,2058.3079812476,1899720402.60247,78183354.6906347,0.310117484164347,436586120.971654,24277292.3175108
2024-02-15,51790.1692975264,1017596576729.79,41805076939.809,7734.74912512796,258443148.499603,16672919.4892813,2089.96917934247,1930519520.65559,67719589.7546335,0.327327322409764,461597327.160716,23100263.0488104
2024-02-16,51958.2302910549,1020725811639.53,31991869491.0567,7800.14997051842,260530916.682053,20443727.4897425,2097.06233975275,1936210118.3184,79415740.6052484,0.327901062581427,462252932.301004,23260336.6093426
2024-02-17,52166.4343097619,1024019280535.48,24850432117.8966,7799.08415535624,260696551.7926,17592488.5558237,2085.71930744935,1926226460.54525,73506669.1403496,0.33194391111093,468218312.064787,26044915.1939474
2024-02-18,51684.5174926453,1015778284418.93,19851884283.1572,7723.79472441534,258243577.579666,14156388.1285982,2128.71712678322,1966620972.55478,69906766.2233741,0.325462032533551,459099862.667625,18533266.950142
2024-02-19,52138.4857887369,1023586119011.23,17025880430.5659,7723.56800285723,258200581.918651,13274802.6256258,2173.38257941604,2007119776.02952,77505292.5341733,0.33012826399805,465473680.95506,19148772.1055222
2024-02-20,51764.3131854878,1016146442771.57,22555121071.5591,7816.50119000822,261070094.135857,17604628.0672499,2160.54374955169,1994258840.78651,79971943.2942664,0.360091644493173,506283509.073929,40212037.3991025
2024-02-21,52286.7937255467,1026424315285.75,34499627551.3193,7670.24358237724,256450252.340178,23634169.5997964,2129.49514700513,1967206723.71139,78449703.6440068,0.344103625193674,485793391.079142,39292503.5929815
2024-02-22,51842.7567662564,1018869881156.32,30624246621.0974,7456.72002160229,249159204.642615,19358693.6564598,2049.4268361038,1894588472.3619,72182057.8614508,0.329505476446715,465558705.781768,33161032.9074346
2024-02-23,51319.5001257027,1007314397269.41,23733644208.8086,7519.98190860084,251103570.979294,16066966.5110989,2027.60690640881,1871460324.79923,61302496.1305337,0.33037230681074,466421450.959687,26901178.4275733
2024-02-24,50841.0810947709,999139504635.63,22637679779.741,7651.05661646766,255668166.021959,27165176.3710988,1987.62610566726,1836559578.56015,76427592.176091,0.338786396954313,478977840.330046,25016581.7385836
2024-02-25,51553.0967128311,1012485917140.19,15528276123.5367,8243.03471728526,275402320.170773,159379557.102417,2037.92399570326,1881272544.66907,81525951.7399686,0.350266257714792,495060449.493422,27065686.1440178
2024-02-26,51751.8840549346,1016549456019.33,15455098216.4826,8266.49312903648,276253427.860915,32396380.0112658,2052.07321163703,1893921376.11465,60144062.8151542,0.357807501127035,505354041.196508,20706251.137766
2024-02-27,54478.191083123,1071049856128.85,35407941475.5679,8384.68164726251,280383757.939562,32611246.8135227,2102.32689912826,1940445147.44496,66744191.8484452,0.36577900503199,516304855.28808,39238068.1970872
2024-02-28,57003.5267373081,1118963733317.3,51983799587.1939,8368.0114025655,279741138.384215,29929406.6358063,2155.02531596949,1990394356.44514,98603303.6809988,0.422113029047047,599502519.2146,106051663.62307
2024-02-29,62558.5820241931,1225273849241.7,87218855804.0162,8532.67501373238,285620992.017507,58235406.7946477,2176.93485049555,2006148220.82908,104028812.929975,0.410716338701544,581047955.412135,85450589.017946
2024-03-01,61298.2168611016,1206725326872.14,67692687247.3639,8594.33424154667,287891683.446156,54785293.8672848,2092.56170784924,1937358692.77973,110260694.145143,0.425065895331226,605340059.860718,78510819.8241094
2024-03-02,62426.6405291919,1227712629022.18,36699193361.1554,8923.39809328509,298133347.608146,42859885.1257873,2106.98047543631,1945828904.18997,72232910.5616653,0.463501133312279,659551701.270162,84396520.9189993
2024-03-03,62067.8668021218,1219383305483.5,25198213831.2524,9564.16939394006,319768924.634413,72207984.9476265,2139.07350463453,1973952111.21042,73845291.6926778,0.525930417552347,747590130.952595,94747728.0346862
2024-03-04,63053.1054390642,1236312176673.45,27108369390.4435,9263.10952481775,307882954.980173,62332195.586037,2094.16215829124,1933368733.858,79491740.3915641,0.51820639737499,734665388.403199,103252590.113406
2024-03-05,68186.6459343215,1333913436699.17,74551714626.1156,9516.27658223225,316482064.471913,59567262.5587635,2099.80598364794,1936780774.14607,95390217.5429516,0.57219287876301,814019956.136216,135898025.653804
2024-03-06,64291.5365575695,1264870242318.6,96403762012.6606,9432.23393778167,311965900.200998,223415294.154382,2007.5504623796,1853936048.72165,148639757.505486,0.508138689999575,723597426.160037,133989368.746169
2024-03-07,66145.9192785085,1297845751759.6,73151905042.0407,9635.53737032914,320451116.93374,114186421.615995,2081.77967685332,1920397996.40482,108491290.00734,0.539136331292642,766561867.315534,85799765.6093253
2024-03-08,66944.8763905358,1317508010581.08,48853892626.0196,10370.7272885645,344719529.661369,97036967.7364697,2101.49715247939,1943159161.47083,89742518.4662719,0.56773953724977,808963489.841344,85302081.3064952
2024-03-09,68315.2519207831,1340971395884.52,63346588227.3287,10148.355509502,337509443.258306,93881787.0385872,2090.75676433789,1930378043.21405,92781681.8878622,0.589253209672533,836192355.784648,92881426.7470372
2024-03-10,68508.0039626159,1346027264110.5,21359706190.8152,10212.6591397753,339874577.282093,63776155.2469779,2423.68295193753,2240374180.25577,204404801.523905,0.63187912066051,898184009.028932,87916246.0914299
2024-03-11,69075.6668819574,1357390358031.54,36660543917.162,9972.09806665275,331776136.668381,64661372.0133232,2814.4086376446,2597742588.72141,239790447.804911,0.647162965868257,918199378.744847,101907681.062922
2024-03-12,72130.5530076568,1417772589113.95,66653067165.9347,10445.0058785592,347605405.771499,106327793.937249,2601.71935276581,2401392909.44455,192684835.708597,0.662111906820842,944270519.866458,76946322.1646436
2024-03-13,71467.1735032606,1403692914139.19,64599341551.273,10239.2756433113,340272781.883016,78772367.4394403,2633.98628429777,2433562536.61888,240732789.309566,0.648999964038815,925823884.344023,80545043.8427243
2024-03-14,73097.7670269413,1436631290571.54,51906601043.5367,10308.966554927,342567468.94291,69251475.0854412,2898.40152658228,2683084748.99809,268636147.636373,0.638829738596211,909284530.672872,54307143.3326031
2024-03-15,71420.0318014235,1403843488135.24,63073551321.7475,10004.8096377284,332949250.995382,89752571.4241338,2903.11020180437,2682430667.65451,236434002.86882,0.610544141272808,869194883.879828,72451711.0807954
2024-03-16,69497.7631929463,1367669237527.87,81204427005.226,9609.46576498637,320004556.818094,117417033.052721,2808.10648358222,2595303280.73206,254644554.382519,0.56733391406668,809455735.675902,80311261.230018
2024-03-17,65292.3132933129,1282404282863.46,49265436012.5923,8858.60440234066,294649295.215805,82622686.6229377,2828.64517263827,2612996164.4183,220410105.967251,0.51193736913013,728166665.878194,52698162.1279576
2024-03-18,68425.4156564306,1344508983079.86,47190980586.5639,9270.85105571024,308373982.787456,72312509.0107681,3266.47781992107,3014404986.09316,357621121.608855,0.541149084172253,769444100.646273,48146997.3773231
2024-03-19,67708.9436093081,1331771923948.04,51101822566.7577,8909.77329948975,296577573.983238,62985059.9571441,3053.14572828968,2830223022.86823,213685354.998495,0.501145614607751,715660899.269561,38443215.0667652
2024-03-20,62132.5173787344,1223867418062.4,80179417876.4799,8181.79234589977,273590146.252018,116686908.720557,2777.78108333072,2579281587.86216,275621357.453294,0.462045765974125,657100315.970062,68674809.9788418
2024-03-21,67819.0557068403,1332594162507.52,70836803714.9141,8959.34637350911,298201765.769146,100072345.009763,3043.96082714943,2820794581.04338,213034245.96743,0.514521560686506,732617869.075125,68051673.8094428
2024-03-22,65535.9784484766,1287348061971.42,48393664548.0534,8957.00608745567,298197674.862266,73040890.0479579,3373.73704475908,3115483964.18279,250264681.525989,0.504441940329325,717907539.940683,47640401.3433453
2024-03-23,63509.0449652313,1247366367469.28,42436600223.5374,8700.8846491163,289378771.175561,62312791.4094337,3126.98103548777,2884502086.58675,176587663.233216,0.482146613389134,683588360.349615,46942412.2233531
2024-03-24,64285.802791022,1264722355270.52,25489933245.6876,8692.14791793995,289212401.466334,40034972.6692789,3062.73938738343,2834296774.5931,97606811.6541846,0.487763925289542,695993049.670779,34742936.9487585
2024-03-25,67310.9832681011,1323456466317.51,28098318940.4317,8879.16957023672,295077327.438687,46509346.0601207,3152.60458729851,2914402063.71761,104745636.390821,0.503466635514357,719513578.774006,32421108.4034031
2024-03-26,69938.9453020024,1371797489739.34,44820310272.6475,9047.36661329391,300150797.652797,45723039.2809531,3293.99282810539,3039096509.23502,147759789.736109,0.516893743929502,735769974.074978,43277517.9092381
2024-03-27,70082.0512247598,1375728580463.25,36257324508.5684,9233.79762319868,306595345.554951,50928834.4215861,3218.42509844305,2971999395.04827,132111068.652346,0.522492911861664,742791401.497812,50385012.9930223
2024-03-28,69435.7504030521,1360261687784.1,41441040887.8223,8861.29875319904,293860016.005065,47982933.2348897,3297.17296769327,3046167079.45801,161975062.211314,0.494149447529469,702522795.84352,49701754.0059828
2024-03-29,70710.1953486331,1390869723348.04,30455289338.4762,8993.91565715732,299451264.584495,41516166.5751665,3636.99297582201,3372410618.52039,220983467.920898,0.499832393617936,713572583.768724,37193748.9957273
2024-03-30,69919.0554614861,1374646886107.84,25785951735.4857,9010.51432060463,299935852.560959,40833394.1441675,3674.23495502429,3393484083.22976,287682339.86729,0.495453933916222,706743300.23464,32980673.6143629
2024-03-31,69702.3087473573,1370247487960.09,16408802301.8374,8879.24304619536,294953031.290974,29733500.1387293,3747.7694405347,3462102860.25817,151785437.375678,0.491149082202213,699986513.773662,27410344.9839474
2024-04-01,71246.9514406015,1401370211582.37,19723005998.215,9151.54627944968,304299095.049837,28275341.9208874,3924.60346566299,3625315584.71412,198934806.058951,0.504697168555332,720212863.013078,23645127.6450506
2024-04-02,69785.9250380237,1373784286061.35,36040088988.5387,8775.53828320972,292211852.300615,72217250.8298465,3755.2474556132,3478494821.19052,192172560.757748,0.472043918913818,674488112.771992,38431119.0095533
2024-04-03,65440.4192258716,1288360536576.55,45161133992.0907,8239.1248638374,274007033.753522,81035330.3791812,3749.12229101228,3469405451.54705,300737273.534904,0.433340759026714,621219135.899687,39147610.0513601
2024-04-04,66123.938539074,1301670235623.73,35559952961.7973,8203.79277532099,273038952.105092,49031936.1747088,3803.01291101258,3518494990.90742,191779422.800696,0.437314961966548,625059831.86668,31028094.5814035
2024-04-05,68542.1771527951,1348455954443.37,37516850709.6381,8398.26016767587,279530979.559113,40531556.2037697,3964.51470654964,3667528646.62636,196238022.586803,0.440638339032389,628656379.004481,35023332.0553973
2024-04-06,67978.6102340851,1337452583876.39,35132808695.8045,8296.26055936091,276687159.333543,39172592.8316744,3680.9728900273,3403716043.48404,168605648.194474,0.430435526395361,620172786.828803,28242951.7369508
2024-04-07,69000.6499164776,1358548956714.71,19119438138.8508,8367.62466057681,278369628.161268,24596946.1384285,3705.98861441956,3430068504.29039,104618772.848075,0.443817101280307,638586256.095936,18938851.2471929
2024-04-08,69401.9736091101,1367272232852.08,17935478429.0102,8463.63603234008,281873488.628739,26066273.2180605,3637.37075485548,3360854624.40601,98723928.2616705,0.447929945895919,644039588.386343,25139561.8828891
2024-04-09,71624.18486237,1410324678268.64,33111949671.021,8633.48255938718,287861895.192465,34676076.5207859,3747.41400529267,3465393576.99808,138862603.060477,0.475988261065258,684773250.29965,35498152.3227377
2024-04-10,69158.6438120767,1361830648708.66,36488482038.8591,8338.64010338672,277774387.263011,36286107.0113139,3398.57169546534,3150655296.76684,141608488.280509,0.453877130361114,652940243.651203,42546941.8490684
2024-04-11,70527.8899757896,1387722485989.36,38378062633.1314,8289.88091211988,275889447.544745,44400100.1461087,3334.66195597122,3085809893.56198,136521262.606855,0.443576276888323,637443784.158767,33658468.4029835
2024-04-12,70106.6641307095,1379324055321.2,30118549149.5105,8377.23458977109,278956708.777621,27499859.5433194,3362.29608966263,3106029686.177,105691258.494718,0.445914295748837,640960016.338995,26923091.5661951
2024-04-13,67252.1050422663,1321648247460.16,43471949726.092,7172.39803881783,238927048.540235,86199270.4158709,2955.31315256006,2734141712.03111,180703893.655692,0.362621195446375,522590177.044052,60053527.1289759
2024-04-14,64404.8254890741,1270009515097.33,49214481480.2008,6687.65814522651,223543992.800292,99795244.4480002,2799.98618356337,2591749254.83544,211542082.760105,0.310296604199675,448413577.425301,74799562.7782671
2024-04-15,65752.6600472888,1293286386553.4,40292911692.9543,7160.38375105822,238401222.948903,69087417.4959015,3058.3853458759,2836189762.71537,195826947.320164,0.33712647547241,486499383.632974,54431935.0305884
2024-04-16,63430.5714573684,1247928896841,42796604938.0342,6944.09503180503,231217516.148047,67269329.2830179,3082.16755962775,2849066515.13455,163184894.749497,0.316765625296689,455220451.277111,39095527.1376584
2024-04-17,63720.5015874807,1253670904297.49,42157169474.3952,6925.1819304216,230988367.633728,37447247.1715261,3262.78200197686,3028339244.56425,183161503.012689,0.322540755020462,463987873.280979,32470730.4814419
2024-04-18,61328.8979886073,1207185042484.43,41123362075.9353,6734.23611223402,224909370.201293,24747671.669256,3145.8942099365,2911826981.06844,150183699.780106,0.317489278692011,457053353.535836,31794507.3853651
2024-04-19,63461.5926951072,1249565911947.33,35901618166.4232,6963.98119290914,232564373.594072,25328532.412835,2998.43530333119,2779136018.80257,146486923.405274,0.326723641766229,470633758.736983,26279169.9174304
2024-04-20,63988.8184717857,1263308149913.61,52227787323.8176,6880.17993253973,229614796.372467,28487083.6927156,2960.2163808935,2736636387.64916,145605254.851295,0.333462798297264,481498050.558247,29606846.0790426
2024-04-21,64894.4186910918,1277940837359.79,16601830590.6875,7170.23270043793,239177333.086944,21177742.7937921,3118.31222234086,2884588297.15644,98684474.2842969,0.353516827328348,509297337.912903,23138500.46116
2024-04-22,64936.4207567739,1279763566407.38,19592118541.1897,7128.91542989192,237982792.351425,17366832.5450142,3002.01909493774,2776189765.74818,99462177.0041919,0.340496403614192,490770679.885467,24322089.9811209
2024-04-23,66841.6668520736,1317058642854.29,27748586313.2061,7453.65551535942,248877607.453726,23091859.2540447,2897.49645548927,2680399467.51108,115493732.6122,0.349751770749011,504476533.675146,24636435.3864377
2024-04-24,66406.9524439267,1306843409278.05,23232230785.2018,7371.06108161536,246243594.789037,22715510.9188898,2922.5462779328,2700395341.11679,103755424.289564,0.348140803982688,502210204.865509,23528753.0941601
2024-04-25,64279.5181285752,1265541377860.93,30939903322.0259,6968.23204939599,232644852.226876,27036483.4092338,2870.99006094946,2651867766.04979,124287509.001499,0.331903286763242,478081909.465102,27197635.1786109
2024-04-26,64486.183359159,1269387456067.62,24705345525.5708,7065.35777625803,236159438.735803,20311661.7265704,2856.32758651215,2647438346.20381,89697524.2515894,0.337695328574104,486960200.728584,24291264.2081748
2024-04-27,63802.3300492588,1255539337969.47,23302057197.8847,7033.18718909948,234806212.425167,17837798.2161348,2871.08222819461,2655993599.26244,109800568.576823,0.329994809044659,474594333.284306,21663368.8943359
2024-04-28,63517.2487434096,1249495302303.49,19190483386.0639,7092.27969905626,236923423.985269,15253846.8357474,2992.4792274471,2766815535.83627,98428576.6494731,0.317971887535492,458944892.205025,24200790.6741478
2024-04-29,63030.4336166819,1240724751365.88,16180294651.0466,6937.51507195821,231814628.864274,14408768.5992241,3072.19969387789,2848861251.29797,92883510.7262786,0.303175296331754,437122990.681851,33249098.6433207
2024-04-30,63797.6796358996,1257159131219.06,27242983698.2123,6867.64336018101,229559599.799271,17158603.679049,2838.8717723131,2625589016.54844,131531800.922477,0.301617153535546,435099446.798794,30166013.4467571
2024-05-01,60749.4720921639,1197773959985.88,39533113322.0494,6696.80359758125,224430181.689505,25873903.9614564,2664.51087978019,2472757520.54361,107656113.081261,0.284508099024454,411522708.135173,29673551.4752347
2024-05-02,58297.5740753255,1151677489315.15,51109380171.6926,6830.52682843242,228314081.88669,31223975.4487814,2721.38806801929,2525840572.32559,96028883.90312,0.294474061281804,428026820.307449,32630265.8394707
2024-05-03,59135.1733607733,1164721402399.17,28255509745.4903,6893.16655205599,230396277.759456,20009424.9386219,2767.80090928117,2560764217.70861,76571805.6498621,0.302682190606646,439745593.861411,22402640.6649228
